,*YEAR 2023 ,,,,,,,,
,,,,,FLOOD,,,,
# ,DATE ,MONTH ,BARANGAY ,LOCATION ,,WEATHER DISTURBANCES ,REMARKS ,LATITUDE ,LONGITUDE
,,,,,DEPTH ,,,,
,,,,,Knee,InterTropicalConvergenceZone/Localized,Subsided as,,
1,,,,Bernabe Phase 3 ,,,,14.47282934,120.998285
,,,,,Level ,Thunderstorm ,of 1400H ,,
,,,,,Knee,InterTropicalConvergenceZone/Localized,Subsided as,,
2,,,,Canaynay Ave. ,,,,14.47510689,121.0011236
,,,,,Level ,Thunderstorm ,of 1230H ,,
,,,,,Gutter,InterTropicalConvergenceZone/Localized,Subsided as,,
3,,,,PNHS Main ,,,,14.47867039,120.9983694
,,,,,Level ,Thunderstorm ,of1230H ,,
,,,,,Gutter,InterTropicalConvergenceZone/Localized,Subsided as,,
4,,,,Wilcon Depot ,,,,14.48118416,120.9967039
,,,,,Level ,Thunderstorm ,of1230H ,,
,,,,Lire Lane St.,Gutter,InterTropicalConvergenceZone/Localized,Subsided as,,
5,,,San Dionisio ,,,,,14.47641048,121.0016749
,,,,VIllanueva Village ,Level ,Thunderstorm ,of 1400H ,,
,,,,Olivarez,,,,,
,,,,,Gutter,InterTropicalConvergenceZone/Localized,,,
6,,,,Compound,,,Subsided as,14.47297956,120.9979914
,,,,,Level ,Thunderstorm ,,,
,,,,Phase 3 ,,,of 1400H ,,
,20 May 2023,,,Aratiles St.,,,,,
,,MAY ,,,Gutter,InterTropicalConvergenceZone/Localized,,,
7,(Saturday) ,,,Olivarez,,,Subsided as,14.47673239,120.9922703
,,,,,Level ,Thunderstorm ,,,
,,,,Compound ,,,of 1300H ,,
,,,,,Gutter,InterTropicalConvergenceZone/Localized,Subsided as,,
8,,,,Pitong Gatang ,,,,14.49254087,120.9897297
,,,,,Level ,Thunderstorm ,of 1300H ,,
,,,,,Knee,InterTropicalConvergenceZone/Localized,Subsided as,,
9,,,,Hidden Village ,,,,14.47142042,121.0110769
,,,,,Level ,Thunderstorm ,of 1030H ,,
,,,,San Antonio,Waist,InterTropicalConvergenceZone/Localized,Subsided as,,
10,,,,,,,,14.4697662,121.0071013
,,,,Valley 2 ,Level ,Thunderstorm ,of 1230H ,,
,,,,,Knee,InterTropicalConvergenceZone/Localized,Subsided as,,
11,,,San Isidro ,Top Land ,,,,14.47139324,120.9990969
,,,,,Level ,Thunderstorm ,of 1230H ,,
,,,,,Knee,InterTropicalConvergenceZone/Localized,Subsided as,,
12,,,,Garden City 1 ,,,,14.47493903,121.0122091
,,,,,Level ,Thunderstorm ,of 1300H ,,
,,,,Greenheights,Gutter,InterTropicalConvergenceZone/Localized,Subsided as,,
13,,,,,,,,14.46761195,121.0141183
,,,,Subdivision ,Level ,Thunderstorm ,of 1300H ,,
,,,,,Knee,InterTropicalConvergenceZone/Localized,Subsided as,,
14,,,,Pascor Drive ,,,,14.50845386,120.9982638
,,,,,Level ,Thunderstorm ,of 1030H ,,
,,,Sto Niño ,,,,,,
,,,,,Knee,InterTropicalConvergenceZone/Localized,Subsided as,,
15,,,,Johan St. ,,,,14.50796613,120.999567
,,,,,Level ,Thunderstorm ,of 1030H ,,
,,,,,Knee,InterTropicalConvergenceZone/Localized,Subsided as,,
16,,,Don Bosco ,El Dorado Dulo ,,,,14.4811838,121.0215527
,,,,,Level ,Thunderstorm ,of 1230H ,,
,,,,Fourth Estate,Knee,InterTropicalConvergenceZone/Localized,Subsided as,,
17,,,,,,,,14.46104748,121.0274228
,,,,(North Bound) ,Level ,Thunderstorm ,of 1100H ,,
,,,,,Knee,InterTropicalConvergenceZone/Localized,Subsided as,,
18,,,,Area 2 ,,,,14.46354921,121.0316895
,,,,,Level ,Thunderstorm ,of 1100H ,,
,,,,San Antonio,Knee,InterTropicalConvergenceZone/Localized,Subsided as,,
19,,,San Antonio ,,,,,14.46505509,
,,,,Valley 1 Stoplight ,Level ,Thunderstorm ,of 1030H ,,121.0198629
,,,,San Antonio,Gutter,InterTropicalConvergenceZone/Localized,Subsided as,,
20,,,,,,,,14.47382233,121.0248753
,,,,Valley 3 ,Level ,Thunderstorm ,of 1100H ,,
,,,,,Knee,InterTropicalConvergenceZone/Localized,Subsided as,,
21,,,,Susafe St ,,,,14.47192745,121.0200041
,,,,,Level ,Thunderstorm ,of 1230H ,,
,,,,Sun Valley,Knee,InterTropicalConvergenceZone/Localized,Subsided as,,
22,,,,,,,,14.49114515,121.0386929
,,,,Subdivision ,Level ,Thunderstorm ,of 1030H ,,
,,,Sun Valley ,,,,,,
,,,,,Knee,InterTropicalConvergenceZone/Localized,Subsided as,,
23,,,,Culdesac ,,,,14.49313255,121.0362397
,,,,,Level ,Thunderstorm ,of 1030H ,,
,,,,,,LOCALIZED THUNDERSTORMS,,,
,,,,,Knee,,,,
24,,,,Bernabe Phase 3 ,,ENHANCED BY SOUTHWEST,Subsided as,14.47297956,120.9979914
,,,,,Level ,,,,
,,,,,,MONSOON/TYPHOON BETTY ,of 2021H ,,
,,,,,,LOCALIZED THUNDERSTORMS,,,
,,,,,Knee,,,,
25,,,San Dionisio ,Canaynay Ave. ,,ENHANCED BY SOUTHWEST,Subsided as,14.47510689,121.0011236
,,,,,Level ,,,,
,,,,,,MONSOON/TYPHOON BETTY ,of 1730H ,,
,,,,,,LOCALIZED THUNDERSTORMS,,,
,31 May 2023,,,,Gutter,,,,
26,,MAY ,,PNHS Main ,,ENHANCED BY SOUTHWEST,Subsided as,14.47873163,120.9982858
,(Wednesday) ,,,,Level ,,,,
,,,,,,MONSOON/TYPHOON BETTY ,of 1735H ,,
,,,,,,LOCALIZED THUNDERSTORMS,,,
,,,,,Knee,,,,
27,,,San Isidro ,Top Land ,,ENHANCED BY SOUTHWEST,Subsided as,14.47139324,120.9990969
,,,,,Level ,,,,
,,,,,,MONSOON/TYPHOON BETTY ,of 1734H ,,
,,,,,,LOCALIZED THUNDERSTORMS,,,
,,,,,Knee,,,,
28,,,Sto Niño ,Halik Alon ,,ENHANCED BY SOUTHWEST,Subsided as,14.49751656,121.0028845
,,,,,Level ,,,,
,,,,,,MONSOON/TYPHOON BETTY ,of 1740H ,,
,,,,,,LOCALIZED THUNDERSTORMS,,,
,,,,,Knee,,,,
29,,,,Doña Soledad,,ENHANCED BY SOUTHWEST,Subsided as,14.48581131,121.0282639
,,,,,Level ,,,,
,,,,Extension ,,MONSOON/TYPHOON BETTY ,of 1740H ,,
,,,,,,LOCALIZED THUNDERSTORMS,,,
,,,,,Knee,,,,
30,,,,El Dorado Dulo ,,ENHANCED BY SOUTHWEST,Subsided as,14.48040695,121.0212885
,,,,,Level ,,,,
,,,,,,MONSOON/TYPHOON BETTY ,of 1740H ,,
,,,,,,LOCALIZED THUNDERSTORMS,,,
,,,,Lancris,Knee,,,,
31,,,Don Bosco ,,,ENHANCED BY SOUTHWEST,Subsided as,14.47562421,121.0269867
,,,,Residences ,Level ,,,,
,,,,,,MONSOON/TYPHOON BETTY ,of 1730H ,,
,,,,,,LOCALIZED THUNDERSTORMS,,,
,,,,,Gutter,,,,
32,,,,India Street ,,ENHANCED BY SOUTHWEST,Subsided as,14.48064647,121.0309432
,,,,,Level ,,,,
,,,,,,MONSOON/TYPHOON BETTY ,of 1730H ,,
,,,,,,LOCALIZED THUNDERSTORMS,,,
,,,,,Gutter,,,,
33,,,,Santos Extension ,,ENHANCED BY SOUTHWEST,Subsided as,14.49253065,121.0104106
,,,,,Level ,,,,
,,,,,,MONSOON/TYPHOON BETTY ,of 1740H ,,
,,,,,,LOCALIZED THUNDERSTORMS,,,
,,,,,Gutter,,,,
34,,,,Ilang-Ilang Street ,,ENHANCED BY SOUTHWEST,Subsided as,14.46176407,121.0428821
,,,,,Level ,,,,
,,,Marcelo,,,MONSOON/TYPHOON BETTY ,of 1737H ,,
,,,Green ,,,LOCALIZED THUNDERSTORMS,,,
,,,,Sampaguita,Gutter,,,,
35,,,,,,ENHANCED BY SOUTHWEST,Subsided as,14.46983638,121.0375532
,,,,Street ,Level ,,,,
,,,,,,MONSOON/TYPHOON BETTY ,of 1737H ,,
,,,,,,LOCALIZED THUNDERSTORMS,,,
,,,,Fourth Estate,Knee,,,,
36,,,,,,ENHANCED BY SOUTHWEST,Subsided as,14.46104748,121.0274228
,,,,(North Bound) ,Level ,,,,
,,,,,,MONSOON/TYPHOON BETTY ,of 1737H ,,
,,,,,,LOCALIZED THUNDERSTORMS,,,
,,,,Fourth Estate,Knee,,,,
37,,,San Antonio ,,,ENHANCED BY SOUTHWEST,Subsided as,14.46101814,121.0273447
,,,,(South Bound) ,Level ,,,,
,,,,,,MONSOON/TYPHOON BETTY ,of 1730H ,,
,,,,,,LOCALIZED THUNDERSTORMS,,,
,,,,,Gutter,,,,
38,,,,Lower Barangay ,,ENHANCED BY SOUTHWEST,,14.46947844,121.0240903
,,,,,Level ,,,,
,,,,,,MONSOON/TYPHOON BETTY ,- ,,
,,,,,Knee,Southwest Monsoon/Localized,Subsided as,,
39,,,,Bagong Ilog ,,,,14.53154406,120.997831
,,,,,Level ,Thunderstorm ,of 2334H ,,
,"June 7, 2023",,,Roax BLVD cor.,Gutter,Southwest Monsoon/Localized,Subsided as,,
40,,,Baclaran ,,,,,14.51761763,120.9931615
,(Wednesday) ,,,NAIA Rd. ,Level ,Thunderstorm ,of 0021H ,,
,,,,,Waist,Southwest Monsoon/Localized,Subsided as,,
41,,,,Dimasalang St. ,,,,14.53038217,120.9964018
,,June ,,,Level ,Thunderstorm ,of 2226H ,,
,,,,,Knee,Southwest Monsoon/Localized,Subsided as,,
42,,,,Bagong Lipunan ,,,,14.53069675,120.9990098
,,,,,Level ,Thunderstorm ,of 2226H ,,
,,,,,Knee,Southwest Monsoon/Localized,Subsided as,,
43,,,,Bagong Sikat St. ,,,,14.53113222,120.9989479
,,,,,Level ,Thunderstorm ,of 2226H ,,
,,,,DASA,Gutter,Southwest Monsoon/LOW PRESSURE,Subsided as,,
44,,,,,,,,14.47510689,121.0011236
,,,,CANAYNAY ,Level ,AREA ,of 2145H ,,
,,,,,Gutter,Southwest Monsoon/LOW PRESSURE,Subsided as,,
45,,,,DIAMOND ST ,,,,121.0014939,121.0014939
,,,,,Level ,AREA ,of 2235H ,,
,,,San Dionisio ,,,,,,
,,,,,Gutter,Southwest Monsoon/LOW PRESSURE,Subsided as,,
46,,,,DASA PNHS ,,,,14.47873163,120.9982858
,,,,,Level ,AREA ,of 2235H ,,
,,,,,Gutter,Southwest Monsoon/LOW PRESSURE,Subsided as,,
47,,,,BIR ,,,,14.47555858,121.0008623
,,,,,Level ,AREA ,of 2235H ,,
,,,,HIDDEN,,,,,
,,,,,Gutter,Southwest Monsoon/LOW PRESSURE,,,
48,,,,VILLAGE CRUZ,,,Subsided as,14.47142042,121.0110769
,,,,,Level ,AREA ,,,
,,,,COMPOUND ,,,of 2235H ,,
,,,San Isidro ,GREENHEIGHTS,Knee,Southwest Monsoon/LOW PRESSURE,Subsided as,,
49,,,,,,,,14.46761195,121.0141183
,,,,VILLAGE ,Level ,AREA ,of 2130H ,,
,,,,VALLE 2,Waist,Southwest Monsoon/LOW PRESSURE,Subsided as,,
50,,,,,,,,14.4697662,121.0071013
,"July 12, 2023",,,BRIDGE ,Level ,AREA ,of 2235H ,,
,(,,,,Knee,Southwest Monsoon/LOW PRESSURE,Subsided as,,
51,,,,SITIO LIBJO ,,,,14.49997954,121.0097964
,Wednesday) ,,,,Level ,AREA ,of 2235H ,,
,,,Sto Niño ,,,,,,
,,,,,Gutter,Southwest Monsoon/LOW PRESSURE,Subsided as,,
52,,,,GOMBURZA ST. ,,,,14.50742785,120.9960109
,,,,,Level ,AREA ,of 2235H ,,
,,,,,Gutter,Southwest Monsoon/LOW PRESSURE,Subsided as,,
53,,,Tambo ,SEASIDE ST. ,,,,14.51681324,120.9936602
,,,,,Level ,AREA ,of 2030H ,,
,,,,BANANA,Waist,Southwest Monsoon/LOW PRESSURE,Subsided as,,
54,,,,,,,,14.50953296,121.0055982
,,,,COMPOUND ,Level ,AREA ,of 2235H ,,
,,,,,Knee,Southwest Monsoon/LOW PRESSURE,Subsided as,,
55,,,,GAT MENDOZA ,,,,14.50942358,121.007314
,,,,,Level ,AREA ,of 2200H ,,
,,,Vitalez ,,,,,,
,,,,,Knee,Southwest Monsoon/LOW PRESSURE,Subsided as,,
56,,,,JET LANE ,,,,14.51006607,121.0061827
,,,,,Level ,AREA ,of 2200H ,,
,,,,VITALEZ,Waist,Southwest Monsoon/LOW PRESSURE,Subsided as,,
57,,,,,,,,14.50996565,121.0056249
,,,,COMPOUND ,Level ,AREA ,of 2235H ,,
,,,,PRES QUEZON,Knee,Southwest Monsoon/LOW PRESSURE,Subsided as,,
58,,,BF Homes ,,,,,14.45486296,121.0305948
,,JULY ,,ST. ,Level ,AREA ,of 2030H ,,
,,,,LANCRIS,Knee,Southwest Monsoon/LOW PRESSURE,Subsided as,,
59,,,Don Bosco ,,,,,14.47562421,121.0269867
,,,,RESIDENCES ,Level ,AREA ,of 2030H ,,
,,,Marcelo,ILANG-ILANG,Knee,Southwest Monsoon/LOW PRESSURE,Subsided as,,
60,,,,,,,,14.46176407,121.0428821
,,,Green ,STREET ,Level ,AREA ,of 2235H ,,
,,,,,Gutter,Southwest Monsoon/LOW PRESSURE,Subsided as,,
61,,,,TIMOTHY ST. ,,,,"14.480149100103628, ",121.0074246
,,,,,Level ,AREA ,of 2030H ,,
,,,Moonwalk ,,,,,,
,,,,,Gutter,Southwest Monsoon/LOW PRESSURE,Subsided as,,
62,,,,AIRPORT ROAD ,,,,14.5274572,120.9991212
,,,,,Level ,AREA ,of 2030H ,,
,,,,DASA FOURTH,Knee,Southwest Monsoon/LOW PRESSURE,Subsided as,,
63,,,,,,,,14.46104748,121.0274228
,,,,ESTATE ,Level ,AREA ,of 2030H ,,
,,,,SAN ANTONIO,Knee,Southwest Monsoon/LOW PRESSURE,Subsided as,,
64,,,,,,,,14.46947669,121.0241379
,,,,BRGY. HALL ,Level ,AREA ,of 2030H ,,
,,,,AREA 2 LUPANG,Waist,Southwest Monsoon/LOW PRESSURE,Subsided as,,
65,,,San Antonio ,,,,,14.46354921,121.0316895
,,,,HINIRANG ,Level ,AREA ,of 2030H ,,
,,,,SUSAFE,Knee,Southwest Monsoon/LOW PRESSURE,Subsided as,,
66,,,,,,,,14.47192745,121.0200041
,,,,STREET ,Level ,AREA ,of 2030H ,,
,,,,LOWER,Waist,Southwest Monsoon/LOW PRESSURE,Subsided as,,
67,,,,,,,,14.47233399,121.0243266
,,,,BARANGAY ,Level ,AREA ,of 2235H ,,
,,,San Martin De,SMDP BRGY,Knee,Southwest Monsoon/LOW PRESSURE,Subsided as,,
68,,,,,,,,14.49456304,121.0423562
,,,Porres ,HALL ,Level ,AREA ,of 2030H ,,
,,,,SUN VALLEY,Gutter,Southwest Monsoon/LOW PRESSURE,Subsided as,,
69,,,,,,,,14.49164842,121.0370744
,,,,DRIVE ,Level ,AREA ,of 2030H ,,
,,,,SUN VALLEY,Knee,Southwest Monsoon/LOW PRESSURE,Subsided as,,
70,,,,,,,,14.49073559,121.0387988
,,,,SUBDIVISION ,Level ,AREA ,of 2030H ,,
,,,Sun Valley ,,,,,,
,,,,ANNEX 41,Knee,Southwest Monsoon/LOW PRESSURE,Subsided as,,
71,,,,,,,,14.4910939,121.0328747
,,,,UPPER ,Level ,AREA ,of 2030H ,,
,,,,RAMOS,Knee,Southwest Monsoon/LOW PRESSURE,Subsided as,,
72,,,,,,,,14.49221323,121.0376738
,,,,COMPOUND ,Level ,AREA ,of 2030H ,,
,,,,,,EFFECTS OF SOUTHWEST,,,
,,,,FACTOR,Gutter,,,,
73,,,Don Galo ,,,MONSOON ENHANCED BY TROPICAL,Subsided as,14.50775214,120.9929467
,,,,COMPOUND ,Level ,,,,
,,,,,,STORM FALCON ,of 2045H ,,
,29,,,,,,,,
,,,,,,EFFECTS OF SOUTHWEST,,,
,,,,,Knee,,,,
74,,,San Dionisio ,A. Bonifacio ,,MONSOON ENHANCED BY TROPICAL,Subsided as,14.49369678,120.9896713
,,,,,Level ,,,,
,,JULY ,,,,STORM FALCON ,of 2045H ,,
,,,,,,EFFECTS OF SOUTHWEST,,,
,,,,,Knee,,,,
75,,,,Camia Street ,,MONSOON ENHANCED BY TROPICAL,Subsided as,14.47234508,121.0000358
,,,,,Level ,,,,
,,,,,,STORM FALCON ,of 2045H ,,
,,,,,,EFFECTS OF SOUTHWEST,,,
,,,,,Gutter,,,,
76,,,,Bernabe Phase 3 ,,MONSOON ENHANCED BY TROPICAL,Subsided as,14.47297956,120.9979914
,,,,,Level ,,,,
,,,,,,STORM FALCON ,of 2045H ,,
,,,,,,EFFECTS OF SOUTHWEST,,,
,,,,,Knee,,,,
77,,,,Sitio Libjo ,,MONSOON ENHANCED BY TROPICAL,Subsided as,14.49997954,121.0097964
,,,,,Level ,,,,
,,,,,,STORM FALCON ,of 2045H ,,
,,,,,,EFFECTS OF SOUTHWEST,,,
,,,,,Knee,,,,
78,,,Sto Niño ,Halik Alon ,,MONSOON ENHANCED BY TROPICAL,Subsided as,14.49751656,121.0028845
,,,,,Level ,,,,
,,,,,,STORM FALCON ,of 2045H ,,
,,,,,,EFFECTS OF SOUTHWEST,,,
,,,,,Knee,,,,
79,,,,Pascor Drive ,,MONSOON ENHANCED BY TROPICAL,Subsided as,14.50845386,120.9982638
,,,,,Level ,,,,
,,,,,,STORM FALCON ,of 2045H ,,
,,,,,,EFFECTS OF SOUTHWEST,,,
,,,,Banana,Knee,,,,
80,,,Vitalez ,,,MONSOON ENHANCED BY TROPICAL,Subsided as,14.50953296,121.0055982
,,,,Compound ,Level ,,,,
,,,,,,STORM FALCON ,of 2045H ,,
,,,,,,EFFECTS OF SOUTHWEST,,,
,,,Margelo,Ireneville,Gutter,,,,
81,,,,,,MONSOON ENHANCED BY TROPICAL,Subsided as,14.45569564,121.0312618
,,,Green ,Subdivision ,Level ,,,,
,,,,,,STORM FALCON ,of 2045H ,,
,,,,,,EFFECTS OF SOUTHWEST,,,
,,,,,Knee,,,,
82,,,Merville ,Sitio Tuyuan ,,MONSOON ENHANCED BY TROPICAL,Subsided as,14.49533584,121.0253201
,,,,,Level ,,,,
,,,,,,STORM FALCON ,of 2045H ,,
,,,,,,EFFECTS OF SOUTHWEST,,,
,,,,Infront of Baragay,Gutter,,,,
83,,,San Antonio ,,,MONSOON ENHANCED BY TROPICAL,Subsided as,14.46947844,121.0240903
,,,,Hall ,Level ,,,,
,,,,,,STORM FALCON ,of 2045H ,,
,,,,,,EFFECTS OF SOUTHWEST,,,
,,,,,Knee,,,,
84,,,Sun Valley ,Lower Sta. Ana ,,MONSOON ENHANCED BY TROPICAL,Subsided as,14.49429083,121.0279459
,,,,,Level ,,,,
,,,,,,STORM FALCON ,of 2045H ,,
,,,,,Knee,EFFECTS OF SOUTHWEST,,,
85,22,,San Dionisio ,Bernabe Phase 3 ,,,,14.47297956,120.9979914
,,AUGUST ,,,Level ,MONSOON ,,,
,,,,,,EFFECTS OF SOUTHWEST,,,
,,,,,Gutter,,,,
86,24,AUGUST ,Baclaran ,Opena Street ,,MONSOON/LOCALIZED,Subsided as,14.53116446,120.9947472
,,,,,Level ,,,,
,,,,,,THUNDERSTORMS ,of 0800H ,,
,,,,,,EFFECTS OF SOUTHWEST,,,
,,,,,Gutter,,,,
87,,,San Dionisio ,Canaynay Ave. ,,MONSOON/LOCALIZED,Subsided as,14.47510689,121.0011236
,,,,,Level ,,,,
,,,,,,THUNDERSTORMS ,of 0630H ,,
,,,,,,EFFECTS OF SOUTHWEST,,,
,,,,Silverio,Gutter,,,,
88,,,,,,MONSOON/LOCALIZED,Subsided as,14.47000734,121.011403
,,,,Compound ,Level ,,,,
,,,,,,THUNDERSTORMS ,of 0600H ,,
,,,San Isidro ,,,,,,
,,,,C5 Extension,,EFFECTS OF SOUTHWEST,,,
,,,,,Gutter,,,,
89,,,,Road Back of,,MONSOON/LOCALIZED,Subsided as,14.48616422,120.9947446
,,,,,Level ,,,,
,,,,Avida ,,THUNDERSTORMS ,of 0800H ,,
,,,,,,EFFECTS OF SOUTHWEST,,,
,,,,,Knee,,,,
90,,,Sto Niño ,Sitio Libjo ,,MONSOON/LOCALIZED,Subsided as,14.49997954,121.0097964
,,,,,Level ,,,,
,,,,,,THUNDERSTORMS ,of 0820H ,,
,,,,Purok 7,,EFFECTS OF SOUTHWEST,,,
,,,,,Knee,,,,
91,,,Moonwalk ,Multinational,,MONSOON/LOCALIZED,Subsided as,14.4809384,121.0034129
,,,,,Level ,,,,
,,,,Village ,,THUNDERSTORMS ,of 0830H ,,
,,,,,,EFFECTS OF SOUTHWEST,,,
,,,,DASA Fourth,Knee,,,,
92,,,,,,MONSOON/LOCALIZED,Subsided as,14.46104748,121.0274228
,,,,Estate ,Level ,,,,
,,,,,,THUNDERSTORMS ,of 0600H ,,
,,,,,,EFFECTS OF SOUTHWEST,,,
,,,,,Gutter,,,,
93,,,,SAV 1 Terminal ,,MONSOON/LOCALIZED,Subsided as,14.46561972,121.0206474
,,,,,Level ,,,,
,,,,,,THUNDERSTORMS ,of 0600H ,,
,,,San Antonio ,,,,,,
,,,,,,EFFECTS OF SOUTHWEST,,,
,,,,,Waist,,,,
94,,,,Lower Barangay ,,MONSOON/LOCALIZED,Subsided as,14.46947844,121.0240903
,,,,,Level ,,,,
,,,,,,THUNDERSTORMS ,of 0800H ,,
,,,,,,EFFECTS OF SOUTHWEST,,,
,,,,Seacom,Gutter,,,,
95,,,,,,MONSOON/LOCALIZED,Subsided as,14.4597945,121.0386618
,,,,Compound ,Level ,,,,
,,,,,,THUNDERSTORMS ,of 0730H ,,
,,,,,,EFFECTS OF SOUTHWEST,,,
,,,,,Gutter,MONSOON ENHANCED BY SUPER,SUBSIDED ,,
96,,,,Baclaran Market ,,,,14.52933372,120.9971548
,,,,,Level ,"TYPHOON ""GORING AND",AS OF 1820H ,,
,,,,,,"TYPHOON""HANNA"" ",02 SEPT ,,
,1 and 2 ,,Baclaran ,,,,,,
,,,,,,EFFECTS OF SOUTHWEST,,,
,,,,,Knee,MONSOON ENHANCED BY SUPER,SUBSIDED ,,
97,,,,Bagong Ilog ,,,,14.53154406,120.997831
,,,,,Level ,"TYPHOON ""GORING AND",AS OF 1820H ,,
,,SEPTEMBER,,,,"TYPHOON""HANNA"" ",02 SEPT ,,
,,,,,,EFFECTS OF SOUTHWEST,,,
,,,,Bagong PAG-,Knee,MONSOON ENHANCED BY SUPER,SUBSIDED ,,
98,,,,,,,,14.52922678,120.9971072
,,,,ASA ,Level ,"TYPHOON ""GORING AND",AS OF 1820H ,,
,,,,,,"TYPHOON""HANNA"" ",02 SEPT ,,
,,,,,,EFFECTS OF SOUTHWEST,,,
,,,,,Knee,MONSOON ENHANCED BY SUPER,SUBSIDED ,,
99,,,,Bagong Lipunan ,,,,14.53071301,120.9990338
,,,,,Level ,"TYPHOON ""GORING AND",AS OF 1820H ,,
,,,,,,"TYPHOON""HANNA"" ",02 SEPT ,,
,,,,,,EFFECTS OF SOUTHWEST,,,
,,,,,Knee,MONSOON ENHANCED BY SUPER,SUBSIDED ,,
100,,,,De Julio Street ,,,,14.52806727,120.9979702
,,,,,Level ,"TYPHOON ""GORING AND",AS OF 1820H ,,
,,,,,,"TYPHOON""HANNA"" ",02 SEPT ,,
,,,,,,EFFECTS OF SOUTHWEST,,,
,,,,,Gutter,MONSOON ENHANCED BY SUPER,SUBSIDED ,,
101,,,,Canaynay Ave. ,,,,14.47510689,121.0011236
,,,,,Level ,"TYPHOON ""GORING AND",AS OF 1820H ,,
,,,,,,"TYPHOON""HANNA"" ",02 SEPT ,,
,,,San Dionisio ,,,,,,
,,,,,,EFFECTS OF SOUTHWEST,,,
,,,,Diamond Street,Gutter,MONSOON ENHANCED BY SUPER,SUBSIDED ,,
102,,,,,,,,14.47282934,120.998285
,,,,Bernabe Phase 3 ,Level ,"TYPHOON ""GORING AND",AS OF 1820H ,,
,,,,,,"TYPHOON""HANNA"" ",02 SEPT ,,
,,,,,,EFFECTS OF SOUTHWEST,,,
,,,,,Knee,MONSOON ENHANCED BY SUPER,SUBSIDED ,,
103,,,,Sitio Libjo ,,,,14.49997954,121.0097964
,,,,,Level ,"TYPHOON ""GORING AND",AS OF 1820H ,,
,,,,,,"TYPHOON""HANNA"" ",02 SEPT ,,
,,,Sto Niño ,,,,,,
,,,,,,EFFECTS OF SOUTHWEST,,,
,,,,,Knee,MONSOON ENHANCED BY SUPER,SUBSIDED ,,
104,,,,Pascor Drive ,,,,14.50845386,120.9982638
,,,,,Level ,"TYPHOON ""GORING AND",AS OF 1820H ,,
,,,,,,"TYPHOON""HANNA"" ",02 SEPT ,,
,,,,,,EFFECTS OF SOUTHWEST,,,
,,,,Lancris,Gutter,MONSOON ENHANCED BY SUPER,SUBSIDED ,,
105,,,,,,,,14.47562421,121.0269867
,,,,Residences ,Level ,"TYPHOON ""GORING AND",AS OF 1820H ,,
,,,,,,"TYPHOON""HANNA"" ",02 SEPT ,,
,,,Don Bosco ,,,,,,
,,,,,,EFFECTS OF SOUTHWEST,,,
,,,,,Gutter,MONSOON ENHANCED BY SUPER,SUBSIDED ,,
106,,,,Texas Extension ,,,,14.48852033,121.021558
,,,,,Level ,"TYPHOON ""GORING AND",AS OF 1820H ,,
,,,,,,"TYPHOON""HANNA"" ",02 SEPT ,,
,,,,,,,SUBSIDED ,,
,,,,,Knee,EFFECTS OF TROUGH OF,,,
107,,,,Bagong Ilog ,,,AS OF 2110H ,14.53154406,120.997831
,,,,,Level ,LPA/LOCALIZED THUNDERSTORMS ,,,
,,,,,,,28 SEPT ,,
,,,,,,,SUBSIDED ,,
,,,,,Gutter,EFFECTS OF TROUGH OF,,,
108,,,Baclaran ,Bagong Sikat St. ,,,AS OF 2110H ,14.53113222,120.9989479
,,,,,Level ,LPA/LOCALIZED THUNDERSTORMS ,,,
,,,,,,,28 SEPT ,,
,,,,,,,SUBSIDED ,,
,,,,,Gutter,EFFECTS OF TROUGH OF,,,
109,,,,Dimasalang St. ,,,AS OF 2110H ,14.53038217,120.9964018
,,,,,Level ,LPA/LOCALIZED THUNDERSTORMS ,,,
,,,,,,,28 SEPT ,,
,,,,,,,SUBSIDED ,,
,,,,,Knee,EFFECTS OF TROUGH OF,,,
110,,,,Perpetual Village ,,,AS OF 2300H ,14.49463607,120.9999456
,,,,,Level ,LPA/LOCALIZED THUNDERSTORMS ,,,
,,,,,,,28 SEPT ,,
,,,La Huerta ,,,,,,
,,,,,,,SUBSIDED ,,
,,,,,Knee,EFFECTS OF TROUGH OF,,,
111,,,,Dahlia St ,,,AS OF 2300H ,14.50271432,120.9943086
,,SEPTEMBER,,,Level ,LPA/LOCALIZED THUNDERSTORMS ,,,
,,,,,,,28 SEPT ,,
,,,,,,,SUBSIDED ,,
,,,,Diamond St.,Knee,EFFECTS OF TROUGH OF,,,
112,,,,,,,AS OF 2300H ,14.47282934,120.998285
,,,,Bernabe Phase 3 ,Level ,LPA/LOCALIZED THUNDERSTORMS ,,,
,,,,,,,28 SEPT ,,
,28,,,,,,,,
,,,,,,,SUBSIDED,,
,,,,,Gutter,EFFECTS OF TROUGH OF,,,
113,,,,Canaynay Ave. ,,,AS OF 2113H,14.47510689,121.0011236
,,,,,Level ,LPA/LOCALIZED THUNDERSTORMS ,,,
,,,,,,,28 SEPT ,,
,,,,,,,SUBSIDED,,
,,,,Himalayang,Gutter,EFFECTS OF TROUGH OF,,,
114,,,,,,,AS OF 2208H,14.48895985,120.9888521
,,,,Palanyag ,Level ,LPA/LOCALIZED THUNDERSTORMS ,,,
,,,,,,,28 SEPT ,,
,,,,,,,SUBSIDED,,
,,,,,Gutter,EFFECTS OF TROUGH OF,,,
115,,,San Dionisio ,PNHS Main ,,,AS OF 2208H,14.47873163,120.9982858
,,,,,Level ,LPA/LOCALIZED THUNDERSTORMS ,,,
,,,,,,,28 SEPT ,,
,,,,,,,SUBSIDED,,
,,,,,Knee,EFFECTS OF TROUGH OF,,,
116,,,,Villanueva ,,,AS OF 2300H,14.47571769,121.0010605
,,,,,Level ,LPA/LOCALIZED THUNDERSTORMS ,,,
,,,,,,,28 SEPT ,,
,,,,,,,SUBSIDED,,
,,,,,Gutter,EFFECTS OF TROUGH OF,,,
117,,,,Olivarez College ,,,AS OF 2300H,14.47935817,120.9977099
,,,,,Level ,LPA/LOCALIZED THUNDERSTORMS ,,,
,,,,,,,28 SEPT ,,
,,,,,,,SUBSIDED,,
,,,,,Waist,EFFECTS OF TROUGH OF,,,
118,,,,Palanyag Road ,,,AS OF 2208H,14.47409898,120.99821
,,,,,Level ,LPA/LOCALIZED THUNDERSTORMS ,,,
,,,,,,,28 SEPT ,,
,,,,,,,SUBSIDED,,
,,,,,Gutter,EFFECTS OF TROUGH OF,,,
119,,,,Wilcon Depot ,,,AS OF 2300H,14.48118416,120.9967039
,,,,,Level ,LPA/LOCALIZED THUNDERSTORMS ,,,
,,,,,,,28 SEPT ,,
,,,,,,,SUBSIDED,,
,,,,,Knee,EFFECTS OF TROUGH OF,,,
120,,,,SM Sucat ,,,AS OF 2300H,14.48367769,120.9948487
,,,,,Level ,LPA/LOCALIZED THUNDERSTORMS ,,,
,,,,,,,28 SEPT ,,
,,,,,,,SUBSIDED,,
,,,,,Knee,EFFECTS OF TROUGH OF,,,
121,,,,Greenheights ,,,AS OF 2120H,14.46772194,
,,,,,Level ,LPA/LOCALIZED THUNDERSTORMS ,,,
,,,,,,,28 SEPT ,,121.0141733
,,,,,,,SUBSIDED,,
,,,,Mahogany,Knee,EFFECTS OF TROUGH OF,,,
122,,,,,,,AS OF 2120H,14.47644141,121.0207709
,,,,Camela ,Level ,LPA/LOCALIZED THUNDERSTORMS ,,,
,,,,,,,28 SEPT ,,
,,,San Isidro ,,,,,,
,,,,,,,SUBSIDED,,
,,,,,Chest,EFFECTS OF TROUGH OF,,,
123,,,,San Felipe St. ,,,AS OF 2120H,14.46956424,
,,,,,Level ,LPA/LOCALIZED THUNDERSTORMS ,,,
,,,,,,,28 SEPT ,,121.005915
,,,,,,,SUBSIDED,,
,,,,,Knee,EFFECTS OF TROUGH OF,,,
124,,,,JP Rizal St. ,,,AS OF 2120H,14.47384385,
,,,,,Level ,LPA/LOCALIZED THUNDERSTORMS ,,,
,,,,,,,28 SEPT ,,121.0086206
,,,,,,,SUBSIDED,,
,,,,,Gutter,EFFECTS OF TROUGH OF,,,
125,,,,Libjo Area ,,,AS OF 2113H,14.50130356,
,,,,,Level ,LPA/LOCALIZED THUNDERSTORMS ,,,
,,,,,,,28 SEPT ,,121.010345
,,,Sto. Nino ,,,,,,
,,,,,,,SUBSIDED,,
,,,,,Gutter,EFFECTS OF TROUGH OF,,,
126,,,,Pascor Drive ,,,AS OF 2113H,14.50845386,120.9982638
,,,,,Level ,LPA/LOCALIZED THUNDERSTORMS ,,,
,,,,,,,28 SEPT ,,
,,,,,,,SUBSIDED,,
,,,,,Knee,EFFECTS OF TROUGH OF,,,
127,,,,Aseana ,,,AS OF 1909H,14.524763,
,,,,,Level ,LPA/LOCALIZED THUNDERSTORMS ,,,
,,,,,,,28 SEPT ,,120.9872665
,,,Tambo ,,,,,,
,,,,,,,SUBSIDED,,
,,,,,Knee,EFFECTS OF TROUGH OF,,,
128,,,,Diokno ,,,AS OF 1909H,14.52468265,
,,,,,Level ,LPA/LOCALIZED THUNDERSTORMS ,,,
,,,,,,,28 SEPT ,,120.9852133
,,,,,,,SUBSIDED,,
,,,,,Knee,EFFECTS OF TROUGH OF,,,
129,,,Vitalez ,Urma Drive ,,,AS OF 1936H,14.5103574,
,,,,,Level ,LPA/LOCALIZED THUNDERSTORMS ,,,
,,,,,,,28 SEPT ,,121.0057447
,,,,,,,SUBSIDED,,
,,,,,Knee,EFFECTS OF TROUGH OF,,,
130,,,BF Homes ,SM BF ,,,AS OF 1736H,14.45776072,
,,,,,Level ,LPA/LOCALIZED THUNDERSTORMS ,,,
,,,,,,,28 SEPT ,,121.0335732
,,,,,,,SUBSIDED,,
,,,,,Gutter,EFFECTS OF TROUGH OF,,,
131,,,,Quezon St. ,,,AS OF 1905H,14.45612018,
,,,,,Level ,LPA/LOCALIZED THUNDERSTORMS ,,,
,,,,,,,28 SEPT ,,121.0310446
,,,,,,,SUBSIDED,,
,,,,,Gutter,EFFECTS OF TROUGH OF,,,
132,,,,Brgy. Hall ,,,AS OF 1905H,14.44594935,
,,,,,Level ,LPA/LOCALIZED THUNDERSTORMS ,,,
,,,,,,,28 SEPT ,,121.0274015
,,,,,,,SUBSIDED,,
,,,,,Gutter,EFFECTS OF TROUGH OF,,,
133,,,,Gate 2 ,,,AS OF 1905H,14.4640813,121.0298368
,,,,,Level ,LPA/LOCALIZED THUNDERSTORMS ,,,
,,,,,,,28 SEPT ,,
,,,,,,,SUBSIDED,,
,,,,Lagoon Creek,Waist,EFFECTS OF TROUGH OF,,,
134,,,,,,,AS OF 1913H,14.45576397,121.0114591
,,,,Side Phase 3 ,Level ,LPA/LOCALIZED THUNDERSTORMS ,,,
,,,,,,,28 SEPT ,,
,,,,,,,SUBSIDED,,
,,,,BF Entrance,Gutter,EFFECTS OF TROUGH OF,,,
135,,,,,,,AS OF 1913H,14.46724708,
,,,,Lopez Ave. ,Level ,LPA/LOCALIZED THUNDERSTORMS ,,,
,,,,,,,28 SEPT ,,121.0100592
,,,,,,,SUBSIDED,,
,,,,,Knee,EFFECTS OF TROUGH OF,,,
136,,,,Annex 35 ,,,AS OF 1753H,14.48792057,
,,,,,Level ,LPA/LOCALIZED THUNDERSTORMS ,,,
,,,,,,,28 SEPT ,,121.0299926
,,,,,,,SUBSIDED,,
,,,,Doña Soledad,Gutter,EFFECTS OF TROUGH OF,,,
137,,,,,,,AS OF 1850H,14.48581131,121.0282639
,,,,Extension ,Level ,LPA/LOCALIZED THUNDERSTORMS ,,,
,,,,,,,28 SEPT ,,
,,,,,,,SUBSIDED,,
,,,,,Knee,EFFECTS OF TROUGH OF,,,
138,,,,El Dorado School ,,,AS OF 2050H,14.479765,
,,,,,Level ,LPA/LOCALIZED THUNDERSTORMS ,,,
,,,,,,,28 SEPT ,,121.0209788
,,,Don Bosco ,,,,,,
,,,,,,,SUBSIDED,,
,,,,Lancris,Knee,EFFECTS OF TROUGH OF,,,
139,,,,,,,AS OF 1753H,14.47562421,121.0269867
,,,,Residences ,Level ,LPA/LOCALIZED THUNDERSTORMS ,,,
,,,,,,,28 SEPT ,,
,,,,,,,SUBSIDED,,
,,,,,Gutter,EFFECTS OF TROUGH OF,,,
140,,,,Russia St. ,,,AS OF 1850H,14.4854841,
,,,,,Level ,LPA/LOCALIZED THUNDERSTORMS ,,,
,,,,,,,28 SEPT ,,120.9878593
,,,,,,,SUBSIDED,,
,,,,San Lorenzo Ruis,Waist,EFFECTS OF TROUGH OF,,,
141,,,,,,,AS OF 1850H,14.48485965,
,,,,St. ,Level ,LPA/LOCALIZED THUNDERSTORMS ,,,
,,,,,,,28 SEPT ,,121.0303737
,,,,,,,SUBSIDED,,
,,,,,Knee,EFFECTS OF TROUGH OF,,,
142,,,Moonwalk ,Airport Village ,,,AS OF 2100H,14.4911872,
,,,,,Level ,LPA/LOCALIZED THUNDERSTORMS ,,,
,,,,,,,28 SEPT ,,121.0193525
,,,,,,,SUBSIDED,,
,,,,Jordan Cor.,Knee,EFFECTS OF TROUGH OF,,,
143,,,,,,,AS OF 1900H,14.49242351,
,,,,Daang Batang ,Level ,LPA/LOCALIZED THUNDERSTORMS ,,,
,,,,,,,28 SEPT ,,121.0086578
,,,,,,,SUBSIDED,,
,,,,DASA Fourth,Waist,EFFECTS OF TROUGH OF,,,
144,,,,,,,AS OF 1819H,14.46104748,121.0274228
,,,,Estate ,Level ,LPA/LOCALIZED THUNDERSTORMS ,,,
,,,,,,,28 SEPT ,,
,,,,,,,SUBSIDED,,
,,,,,Knee,EFFECTS OF TROUGH OF,,,
145,,,,Banner Ave. ,,,AS OF 1937H,14.46258244,
,,,,,Level ,LPA/LOCALIZED THUNDERSTORMS ,,,
,,,,,,,28 SEPT ,,121.0309197
,,,,,,,SUBSIDED,,
,,,,,Knee,EFFECTS OF TROUGH OF,,,
146,,,,Back of Jaka ,,,AS OF 1937H,14.46549034,
,,,,,Level ,LPA/LOCALIZED THUNDERSTORMS ,,,
,,,,,,,28 SEPT ,,121.0193964
,,,,,,,SUBSIDED,,
,,,,,Knee,EFFECTS OF TROUGH OF,,,
147,,,,San Pablo ,,,AS OF 1937H,14.46789286,
,,,,,Level ,LPA/LOCALIZED THUNDERSTORMS ,,,
,,,,,,,28 SEPT ,,121.0233618
,,,,,,,SUBSIDED,,
,,,,,Knee,EFFECTS OF TROUGH OF,,,
148,,,,Valley 3 ,,,AS OF 1937H,14.4722229,
,,,,,Level ,LPA/LOCALIZED THUNDERSTORMS ,,,
,,,,,,,28 SEPT ,,121.0238262
,,,San Antonio ,,,,,,
,,,,,,,SUBSIDED,,
,,,,,Knee,EFFECTS OF TROUGH OF,,,
149,,,,Sta. Lucia ,,,AS OF 1937H,14.47076004,
,,,,,Level ,LPA/LOCALIZED THUNDERSTORMS ,,,
,,,,,,,28 SEPT ,,121.020565
,,,,,,,SUBSIDED,,
,,,,KFC San Antonio,Knee,EFFECTS OF TROUGH OF,,,
150,,,,,,,AS OF 1850H,14.46512671,
,,,,Ave. ,Level ,LPA/LOCALIZED THUNDERSTORMS ,,,
,,,,,,,28 SEPT ,,121.0199027
,,,,,,,SUBSIDED,,
,,,,,Knee,EFFECTS OF TROUGH OF,,,
151,,,,Scholastica St. ,,,AS OF 1937H,14.47140702,
,,,,,Level ,LPA/LOCALIZED THUNDERSTORMS ,,,
,,,,,,,28 SEPT ,,121.0241495
,,,,,,,SUBSIDED,,
,,,,,Knee,EFFECTS OF TROUGH OF,,,
152,,,,Brgy. Village ,,,AS OF 1937H,14.46696875,
,,,,,Level ,LPA/LOCALIZED THUNDERSTORMS ,,,
,,,,,,,28 SEPT ,,121.0244473
,,,,,,,SUBSIDED,,
,,,,,Knee,EFFECTS OF TROUGH OF,,,
153,,,,Valley 5 ,,,AS OF 1852H,14.47170978,
,,,,,Level ,LPA/LOCALIZED THUNDERSTORMS ,,,
,,,,,,,28 SEPT ,,121.0287222
,,,,,,,SUBSIDED,,
,,,San Martin De,,Knee,EFFECTS OF TROUGH OF,,,
154,,,,Health Center ,,,AS OF 1915H,14.49445184,
,,,Porres ,,Level ,LPA/LOCALIZED THUNDERSTORMS ,,,
,,,,,,,28 SEPT ,,121.0427319
,,,,,,,SUBSIDED,,
,,,,,Gutter,EFFECTS OF TROUGH OF,,,
155,,,,Sitio Sto Niño ,,,AS OF 1915H,14.47254436,
,,,,,Level ,LPA/LOCALIZED THUNDERSTORMS ,,,
,,,,,,,28 SEPT ,,121.0450004
,,,,East Service,,,SUBSIDED,,
,,,,,Gutter,EFFECTS OF TROUGH OF,,,
156,,,,Road Front of,,,AS OF 1916H,14.49439707,
,,,,,Level ,LPA/LOCALIZED THUNDERSTORMS ,,,
,,,,Brgy. Hall ,,,28 SEPT ,,121.0422871
,,,,,,,SUBSIDED,,
,,,,,Knee,EFFECTS OF TROUGH OF,,,
157,,,,Lower Sta. Ana ,,,AS OF 1925H,14.49429083,121.0279459
,,,,,Level ,LPA/LOCALIZED THUNDERSTORMS ,,,
,,,,,,,28 SEPT ,,
,,,,,,,SUBSIDED,,
,,,,,Knee,EFFECTS OF TROUGH OF,,,
158,,,,Sun Valley Drive ,,,AS OF 1934H,14.49164842,121.0370744
,,,,,Level ,LPA/LOCALIZED THUNDERSTORMS ,,,
,,,,,,,28 SEPT ,,
,,,Sun Valley ,,,,,,
,,,,,,,SUBSIDED,,
,,,,West Service,Knee,EFFECTS OF TROUGH OF,,,
159,,,,,,,AS OF 1934H,14.47345847,
,,,,Road ,Level ,LPA/LOCALIZED THUNDERSTORMS ,,,
,,,,,,,28 SEPT ,,121.0450124
,,,,,,,SUBSIDED,,
,,,,F. Serrano,Knee,EFFECTS OF TROUGH OF,,,
160,,,,,,,AS OF 1934H,14.48873424,121.0260571
,,,,School ,Level ,LPA/LOCALIZED THUNDERSTORMS ,,,
,,,,,,,28 SEPT ,,
,,,,,,,SUBSIDED,,
,,,,DASA Fourth,Knee,,,,
161,,,,,,LOCALIZED THUNDERSTORMS ,AS OF 0035H,14.46104748,121.0274228
,,,,Estate ,Level ,,,,
,,,,,,,21 OCT ,,
,20-21 ,OCTOBER ,San Antonio ,,,,,,
,,,,,,,SUBSIDED,,
,,,,Saint Martin,Gutter,,,,
162,,,,,,LOCALIZED THUNDERSTORMS ,AS OF 0035H,14.46221925,121.0318478
,,,,Street ,Level ,,,,
,,,,,,,21 OCT ,,
